﻿<?xml version="1.0" encoding="utf-8" ?> 
<tile>
  <visual branding="name">

    <binding template="TileSmall">
      <text>title</text>
      <text hint-style="captionSubtle">123</text>
    </binding>

    <binding template="TileMedium">
      <text hint-style="subtitle">title</text>
      <text hint-style="captionSubtle">123</text>
    </binding>

    <binding template="TileWide">
      <text hint-style="subtitle">title</text>
      <text hint-style="captionSubtle">123</text>   
    </binding>

    <binding template="TileLarge">
      <text hint-style="subtitle">title</text>
      <text hint-style="captionSubtle">123</text>
    </binding>

  </visual>
</tile>
